Ricardo Emerson,2.2400000000
Ken Dana,3.2000000000
Benjamin Patterson,3.2300000000
Adam Hart,3.4100000000
Andy Reiter,3.4200000000
Maria Bertelson,3.6300000000
Katrina Bavinger,3.7700000000
Adam Hart,3.8500000000
Jeremy Farry,3.9600000000
Don Weiss,4.9400000000
